Query_ID	Target_ID	Optimal_offset	p-value	E-value	q-value	Overlap	Query_consensus	Target_consensus	Orientation
filter0	MA0424.1	-2	9.43933e-06	0.0185388	0.0284733	8	ACTTCCGGAAGT	TTCCGGAG	-
filter0	MA0765.1	1	2.85229e-05	0.056019	0.0288515	9	ACTTCCGGAAGT	CACTTCCGGT	-
filter0	MA0292.1	-2	3.24095e-05	0.0636523	0.0288515	7	ACTTCCGGAAGT	CTCCGGA	+
filter0	MA0028.1	-1	4.48127e-05	0.0880122	0.0288515	10	ACTTCCGGAAGT	CTTCCGGCTC	-
filter2	MA0079.3	-2	1.29658e-10	2.54649e-07	4.94807e-07	11	CGGCCCCGCCCCCCC	GCCCCGCCCCC	+
filter2	MA0516.1	-2	3.40245e-09	6.68241e-06	6.49229e-06	13	CGGCCCCGCCCCCCC	GCCCCGCCCCCTCCC	+
filter2	MA0079.2	-3	4.57564e-08	8.98656e-05	5.82059e-05	10	CGGCCCCGCCCCCCC	CCCCGCCCCC	+
filter2	MA1653.1	-1	2.44016e-07	0.000479247	0.000232806	12	CGGCCCCGCCCCCCC	CCCCCCTCCCCC	+
filter2	MA0039.4	-1	3.2258e-07	0.000633548	0.000246209	12	CGGCCCCGCCCCCCC	CGCCCCACCCCC	+
filter2	MA0162.2	-2	6.62804e-07	0.00130175	0.00042157	13	CGGCCCCGCCCCCCC	CCCCCGCCCCCGCC	+
filter2	MA1513.1	-2	2.16109e-06	0.00424439	0.00106944	11	CGGCCCCGCCCCCCC	GCCCCGCCCCC	+
filter2	MA0528.2	-2	2.24186e-06	0.00440302	0.00106944	12	CGGCCCCGCCCCCCC	CCTCCTCCCCCC	-
filter2	MA1522.1	-1	3.5997e-06	0.00706982	0.00152637	11	CGGCCCCGCCCCCCC	CGCCCCTCCCC	+
filter2	MA0471.2	0	5.58931e-06	0.0109774	0.00203958	13	CGGCCCCGCCCCCCC	CCTTCCCGCCCCC	-
filter2	MA0746.1	-2	5.87892e-06	0.0115462	0.00203958	11	CGGCCCCGCCCCCCC	GCCACGCCCCC	+
filter2	MA1564.1	-2	8.94591e-06	0.0175698	0.00284498	12	CGGCCCCGCCCCCCC	GCCACGCCCCCC	+
filter2	MA0599.1	-2	1.20035e-05	0.0235748	0.0035237	10	CGGCCCCGCCCCCCC	GCCCCGCCCC	+
filter2	MA0516.2	2	2.22666e-05	0.0437315	0.00606961	15	CGGCCCCGCCCCCCC	CTAAGCCCCGCCCACTT	+
filter2	MA0528.1	-1	2.52188e-05	0.0495297	0.00641606	14	CGGCCCCGCCCCCCC	TCCTCCTCCCCCTCCTCCTCC	-
filter2	MA1250.1	1	3.23547e-05	0.0635446	0.00703979	14	CGGCCCCGCCCCCCC	CCACCTCCACCGCCA	+
filter2	MA0425.1	-2	3.35011e-05	0.0657962	0.00703979	13	CGGCCCCGCCCCCCC	ACCCCACTTTTTTA	+
filter2	MA0753.2	0	3.4874e-05	0.0684925	0.00703979	13	CGGCCCCGCCCCCCC	CCGCCCCCCCCAC	+
filter2	MA1107.2	0	3.50491e-05	0.0688364	0.00703979	15	CGGCCCCGCCCCCCC	CAGCCACACCCACCCC	+
filter2	MA1515.1	-1	3.91161e-05	0.076824	0.00746382	11	CGGCCCCGCCCCCCC	CACCACGCCCA	+
filter3	MA1137.1	0	3.66964e-09	7.20717e-06	1.41106e-05	10	TGATGACTCA	TGATGACTCATAC	+
filter3	MA1142.1	-1	9.40022e-08	0.00018462	0.000120487	9	TGATGACTCA	GATGACTCAT	+
filter3	MA1622.1	1	1.8655e-07	0.000366383	0.000179331	10	TGATGACTCA	ATGATGACTCATAA	+
filter3	MA0496.3	0	2.69484e-07	0.000529266	0.000207245	10	TGATGACTCA	TGCTGACTCAGCAAT	+
filter3	MA1134.1	0	1.19729e-06	0.00235147	0.000535812	10	TGATGACTCA	GGATGACTCATC	-
filter3	MA0477.2	0	1.36182e-06	0.00267462	0.000535812	10	TGATGACTCA	TGATGACTCATCC	+
filter3	MA0491.2	0	1.36182e-06	0.00267462	0.000535812	10	TGATGACTCA	TGATGACTCATCC	+
filter3	MA1130.1	0	1.39345e-06	0.00273673	0.000535812	10	TGATGACTCA	GGATGAGTCATC	+
filter3	MA0150.2	2	2.03218e-06	0.0039912	0.000682283	10	TGATGACTCA	CAGCATGACTCAGCA	+
filter3	MA0303.1	4	2.14936e-06	0.00422134	0.000682283	10	TGATGACTCA	CAAGGGATGAGTCATACTTCA	+
filter3	MA0099.1	-2	2.35005e-06	0.0046155	0.000682283	8	TGATGACTCA	GTGAGTCA	+
filter3	MA1128.1	0	2.48411e-06	0.00487879	0.000682283	10	TGATGACTCA	TGATGACTCATCC	+
filter3	MA0490.1	0	2.98773e-06	0.0058679	0.0007659	10	TGATGACTCA	GGATGACTCAT	+
filter3	MA0490.2	0	3.31641e-06	0.00651342	0.000783571	10	TGATGACTCA	AAATGACTCATTT	+
filter3	MA0478.1	0	5.12442e-06	0.0100644	0.00103708	10	TGATGACTCA	GGATGACTCAT	+
filter3	MA0489.1	3	5.46366e-06	0.0107306	0.00105045	10	TGATGACTCA	AGGAGATGACTCAT	+
filter3	MA1141.1	0	8.63949e-06	0.016968	0.0013842	10	TGATGACTCA	CGATGACTCATCC	-
filter3	MA0099.3	-1	1.01107e-05	0.0198574	0.00155512	9	TGATGACTCA	GATGACTCAT	-
filter3	MA0099.2	-3	1.08193e-05	0.021249	0.0015951	7	TGATGACTCA	TGACTCA	+
filter3	MA1138.1	-1	1.29243e-05	0.0253833	0.00177489	9	TGATGACTCA	GATGACTCAT	+
filter3	MA0462.1	1	1.41248e-05	0.0277411	0.00180963	10	TGATGACTCA	GAAATGACTCA	+
filter3	MA0476.1	-1	1.41248e-05	0.0277411	0.00180963	9	TGATGACTCA	TGTGACTCATT	+
filter3	MA1135.1	-1	1.45891e-05	0.028653	0.00180963	9	TGATGACTCA	GATGACTCAT	+
filter3	MA1634.1	-1	1.79797e-05	0.0353121	0.00203604	9	TGATGACTCA	TATGACTCATA	+
filter3	MA1633.1	-1	1.8513e-05	0.0363595	0.00203604	9	TGATGACTCA	GATGACTCAGCAA	+
filter3	MA1132.1	-1	1.85324e-05	0.0363977	0.00203604	9	TGATGACTCA	GATGACTCAT	+
filter3	MA1101.1	-1	2.02426e-05	0.0397564	0.00216215	9	TGATGACTCA	GATGACTCAGCAAT	+
filter3	MA1144.1	-1	2.08559e-05	0.040961	0.00216745	9	TGATGACTCA	GATGACTCAT	+
filter3	MA1114.1	0	2.48679e-05	0.0488405	0.00246174	10	TGATGACTCA	GGGTGAGTGACAGGCGG	+
filter3	MA0462.2	-1	2.56083e-05	0.0502947	0.00246174	9	TGATGACTCA	TATGACTCATA	+
filter3	MA0591.1	1	3.47346e-05	0.0682187	0.00318005	10	TGATGACTCA	AGGATGACTCAGCAC	+
filter3	MA1521.1	1	3.91231e-05	0.0768378	0.00341903	10	TGATGACTCA	TTGCTGAGTCAGCAA	+
filter3	MA1520.1	1	4.94551e-05	0.0971298	0.00388578	10	TGATGACTCA	TTGCTGACTCAGCAT	-
filter3	MA0491.1	-1	5.05273e-05	0.0992356	0.00388578	9	TGATGACTCA	GGTGACTCATC	+
filter4	MA0079.3	0	2.96509e-08	5.82343e-05	0.00011467	11	GGGGGCGGGGGG	GGGGGCGGGGC	-
filter4	MA0079.2	0	3.76024e-07	0.000738511	0.000557203	10	GGGGGCGGGGGG	GGGGGCGGGG	-
filter4	MA0039.4	0	4.32238e-07	0.000848914	0.000557203	12	GGGGGCGGGGGG	GGGGGTGGGGCG	-
filter4	MA0516.1	4	1.2029e-06	0.00236249	0.001163	11	GGGGGCGGGGGG	GGGAGGGGGCGGGGC	-
filter4	MA0528.1	9	1.90817e-06	0.00374765	0.00138364	12	GGGGGCGGGGGG	GGAGGAGGAGGGGGAGGAGGA	+
filter4	MA1653.1	0	2.14666e-06	0.00421604	0.00138364	12	GGGGGCGGGGGG	GGGGGAGGGGGG	-
filter4	MA0162.2	3	7.05635e-06	0.0138587	0.00368965	11	GGGGGCGGGGGG	GGCGGGGGCGGGGG	-
filter4	MA1522.1	-1	7.63243e-06	0.0149901	0.00368965	11	GGGGGCGGGGGG	GGGGAGGGGCG	-
filter4	MA0471.2	0	1.16199e-05	0.0228214	0.00499311	12	GGGGGCGGGGGG	GGGGGCGGGAAGG	+
filter4	MA1513.1	0	1.59291e-05	0.0312847	0.00616031	11	GGGGGCGGGGGG	GGGGGCGGGGC	-
filter6	MA0496.1	2	2.78868e-09	5.47696e-06	1.08997e-05	13	TATTCAGCAAATT	CTGAGTCAGCAATTT	+
filter6	MA0842.1	-2	1.11467e-08	2.18922e-05	1.493e-05	11	TATTCAGCAAATT	GTCAGCAAATT	-
filter6	MA0495.1	3	1.14595e-08	2.25066e-05	1.493e-05	13	TATTCAGCAAATT	GCTGAGTCAGCAATTTTT	+
filter6	MA0659.1	8	6.83829e-08	0.000134304	6.68193e-05	13	TATTCAGCAAATT	AAATTGCTGAGTCAGCATATT	+
filter6	MA0495.2	8	1.80835e-07	0.00035516	0.000137791	13	TATTCAGCAAATT	AATTTGCTGAGTCAGCAAATT	+
filter6	MA0117.2	-1	4.8094e-07	0.000944565	0.000234972	12	TATTCAGCAAATT	AGTCAGCATTTT	-
filter6	MA0659.2	0	1.75736e-06	0.00345145	0.00076319	13	TATTCAGCAAATT	GAGTCAGCATTTTTT	+
filter6	MA0495.3	0	4.83713e-06	0.00950013	0.00189061	13	TATTCAGCAAATT	AAGTCAGCATTTTTTT	+
filter6	MA0496.2	7	6.23063e-06	0.012237	0.00202939	12	TATTCAGCAAATT	AATTGCTGAGTCAGCAAAT	+
filter6	MA0501.1	2	2.50428e-05	0.049184	0.00752929	13	TATTCAGCAAATT	ATGACTCAGCAATTT	+
filter8	MA0102.1	1	2.00826e-07	0.000394423	0.000783929	10	ACATTGCGCA	AAGATTGCGAAA	-
filter8	MA0043.1	-1	4.55744e-06	0.0089508	0.00812883	9	ACATTGCGCA	TATTGCGTAACC	-
filter8	MA0837.1	-2	6.24731e-06	0.0122697	0.00812883	8	ACATTGCGCA	ATTGCGCAAT	+
filter8	MA0102.2	-2	1.24919e-05	0.0245341	0.0121906	8	ACATTGCGCA	ATTGCGAAA	-
filter8	MA0043.2	-1	2.17124e-05	0.0426432	0.0136771	9	ACATTGCGCA	CATTACGTAACC	+
filter8	MA0836.2	0	3.63158e-05	0.0713242	0.0177199	10	ACATTGCGCA	ATATTGTGCAATA	-
filter8	MA0466.2	-2	4.34183e-05	0.0852736	0.0188316	8	ACATTGCGCA	ATTGCGCAAT	+
filter9	MA0083.2	3	4.36391e-06	0.00857072	0.0171267	11	GACCATATATG	CATGCCCAAATAAGGCAA	+
filter9	MA0083.1	0	1.13314e-05	0.0222548	0.0222356	11	GACCATATATG	GCCCATATATGG	+
filter9	MA0083.3	1	2.6349e-05	0.0517495	0.032269	11	GACCATATATG	TGACCATATATGGTCA	+
filter11	MA0137.2	0	1.50761e-11	2.96095e-08	5.89712e-08	14	CATTTCCGGGAAAT	GGTTTCCGGGAAATG	-
filter11	MA0518.1	1	1.46308e-09	2.87349e-06	1.90764e-06	13	CATTTCCGGGAAAT	CCATTTCCTGGAAA	-
filter11	MA1625.1	0	2.01798e-09	3.96332e-06	1.97336e-06	14	CATTTCCGGGAAAT	GATTTCTGGGAAATG	-
filter11	MA0532.1	2	2.7421e-07	0.000538549	0.000153227	13	CATTTCCGGGAAAT	CGGAATTCCAGGAAA	+
filter11	MA0137.3	-2	4.08895e-07	0.000803069	0.000177713	11	CATTTCCGGGAAAT	TTTCCAGGAAA	+
filter11	MA0519.1	-1	6.20782e-07	0.00121922	0.000242822	11	CATTTCCGGGAAAT	ATTTCCAAGAA	+
filter11	MA1624.1	-1	8.05089e-07	0.00158119	0.000262429	12	CATTTCCGGGAAAT	ATTTCTTGGAAA	-
filter11	MA0144.2	-2	1.06087e-06	0.00208355	0.000296404	11	CATTTCCGGGAAAT	CTTCTGGGAAA	+
filter11	MA0144.1	-2	5.29014e-06	0.0103898	0.00121722	10	CATTTCCGGGAAAT	CTTCCTGGAA	-
filter11	MA0520.1	0	3.18823e-05	0.0626169	0.00656367	14	CATTTCCGGGAAAT	CATTTCCTGAGAAAT	+
filter11	MA0463.1	1	3.37666e-05	0.0663176	0.006604	13	CATTTCCGGGAAAT	TGCTTTCTAGGAAA	-
filter12	MA1011.1	-1	1.1077e-12	2.17552e-09	2.00448e-09	10	CACCACGTGCTC	GTCACGTGAC	+
filter12	MA0956.1	-1	1.6142e-11	3.17028e-08	1.46052e-08	10	CACCACGTGCTC	AGCACGTGCT	+
filter12	MA0964.1	-2	6.76824e-10	1.32928e-06	4.89911e-07	10	CACCACGTGCTC	GCACGTGACC	+
filter12	MA0966.1	-1	3.17237e-09	6.23053e-06	1.43517e-06	10	CACCACGTGCTC	AGCACGTGCT	+
filter12	MA0988.1	-1	6.42097e-09	1.26108e-05	2.32387e-06	10	CACCACGTGCTC	CGCACGTGCG	+
filter12	MA0965.1	-1	3.485e-08	6.84454e-05	1.02812e-05	10	CACCACGTGCTC	GGCACGTGCC	+
filter12	MA1108.1	1	3.69296e-08	7.25297e-05	1.02812e-05	12	CACCACGTGCTC	CGACCACGTGCCC	+
filter12	MA1359.1	5	4.31189e-08	8.46854e-05	1.11468e-05	12	CACCACGTGCTC	GTGAATGCCACGTGCCACCTC	-
filter12	MA0147.3	0	4.78911e-08	9.40582e-05	1.15551e-05	12	CACCACGTGCTC	GGCCACGTGCCC	+
filter12	MA1099.1	-1	5.12178e-08	0.000100592	1.15854e-05	10	CACCACGTGCTC	GACGCGTGCC	-
filter12	MA0825.1	-1	1.06381e-07	0.000208933	1.8334e-05	10	CACCACGTGCTC	ACCACGTGCC	+
filter12	MA0058.3	-1	1.78457e-07	0.000350489	2.80812e-05	10	CACCACGTGCTC	ACCACGTGCT	+
filter12	MA0831.1	-1	1.78457e-07	0.000350489	2.80812e-05	10	CACCACGTGCTC	ATCACGTGAC	+
filter12	MA1360.1	3	2.04829e-07	0.000402284	2.92247e-05	12	CACCACGTGCTC	AGGTGTCACGTGCTTTTCACG	-
filter12	MA0568.1	-2	2.09948e-07	0.000412338	2.92247e-05	8	CACCACGTGCTC	GCACGTGC	+
filter12	MA0620.1	-2	2.92414e-07	0.000574301	3.64932e-05	10	CACCACGTGCTC	CCACGTGACC	-
filter12	MA0104.4	0	4.2473e-07	0.00083417	4.65812e-05	12	CACCACGTGCTC	GGCCACGTGGCC	+
filter12	MA1061.1	-2	1.006e-06	0.00197579	0.000104026	9	CACCACGTGCTC	GCACGTGGG	-
filter12	MA0632.1	-1	1.14325e-06	0.00224535	0.000106215	10	CACCACGTGCTC	GGCACGTGCC	+
filter12	MA1449.1	0	1.14456e-06	0.00224792	0.000106215	12	CACCACGTGCTC	AATCACGTGATT	+
filter12	MA0550.1	1	1.53372e-06	0.00301222	0.000135386	12	CACCACGTGCTC	AAGCCACGTGTCCA	+
filter12	MA0941.1	-1	1.73556e-06	0.00340864	0.000149555	11	CACCACGTGCTC	AACACGTGTCATG	-
filter12	MA1025.1	-1	2.06617e-06	0.00405796	0.000166175	11	CACCACGTGCTC	AGCACGTGCCCG	-
filter12	MA0626.1	-1	2.98896e-06	0.00587032	0.000230162	10	CACCACGTGCTC	GACACGTGCC	-
filter12	MA0871.1	-1	5.01105e-06	0.0098417	0.000369025	10	CACCACGTGCTC	GTCACGTGAT	-
filter12	MA1425.1	0	5.09817e-06	0.0100128	0.000369025	12	CACCACGTGCTC	TGCCACGTCATC	-
filter12	MA0376.1	4	5.39451e-06	0.0105948	0.000382819	12	CACCACGTGCTC	ATATTAGCACGTGCTTAGTC	+
filter12	MA0603.1	-2	6.43639e-06	0.0126411	0.000434553	10	CACCACGTGCTC	GCACGTGACC	-
filter12	MA1361.1	6	6.48372e-06	0.012734	0.000434553	11	CACCACGTGCTC	CACGTGTTTCACGTGGT	+
filter12	MA1648.1	0	7.90966e-06	0.0155346	0.000511189	11	CACCACGTGCTC	CGGCAGGTGCG	-
filter12	MA1207.1	-1	1.00671e-05	0.0197718	0.000587657	11	CACCACGTGCTC	AACACGTGTTAAATTTG	+
filter12	MA1659.1	0	1.08092e-05	0.0212293	0.000620962	12	CACCACGTGCTC	TGCCACGTCACC	+
filter12	MA1108.2	-1	1.32396e-05	0.0260026	0.0007487	10	CACCACGTGCTC	GCCATGTGTC	-
filter12	MA0104.2	-1	1.66822e-05	0.0327638	0.000850367	10	CACCACGTGCTC	CGCACGTGGC	+
filter12	MA0147.1	-1	1.66822e-05	0.0327638	0.000850367	10	CACCACGTGCTC	CGCACGTGGC	+
filter12	MA0692.1	-1	1.66822e-05	0.0327638	0.000850367	10	CACCACGTGCTC	ATCACGTGAC	+
filter12	MA0058.1	-2	1.66822e-05	0.0327638	0.000850367	10	CACCACGTGCTC	TCACGTGGTT	-
filter12	MA0830.2	0	1.71781e-05	0.0337379	0.000863486	12	CACCACGTGCTC	CGGCACCTGCCCC	+
filter12	MA0819.1	-1	1.86952e-05	0.0367173	0.000890281	10	CACCACGTGCTC	AACACGTGTT	+
filter12	MA1621.1	1	1.92504e-05	0.0378078	0.000904816	12	CACCACGTGCTC	CGAACACCTGTCCC	+
filter12	MA0566.1	-2	1.97874e-05	0.0388624	0.000906511	8	CACCACGTGCTC	GCACGTGC	+
filter12	MA0464.1	-1	2.11666e-05	0.0415713	0.000934221	11	CACCACGTGCTC	CTCACGTGCAC	+
filter12	MA1620.1	0	2.21715e-05	0.0435448	0.000951747	12	CACCACGTGCTC	ACACACCTGTGC	+
filter12	MA0357.1	-2	2.26156e-05	0.0444171	0.000951747	8	CACCACGTGCTC	GCACGTGC	+
filter12	MA0522.3	-1	2.61076e-05	0.0512753	0.00107534	11	CACCACGTGCTC	CGCACCTGCCC	+
filter12	MA1560.1	-1	2.61466e-05	0.051352	0.00107534	10	CACCACGTGCTC	CGCACGTGCA	+
filter12	MA0616.1	3	3.12413e-05	0.061358	0.00124251	10	CACCACGTGCTC	TAACGACACGTGC	+
filter12	MA0931.1	-2	3.25348e-05	0.0638983	0.00126612	10	CACCACGTGCTC	CCACGTGTCA	-
filter12	MA0549.1	-1	3.55579e-05	0.0698357	0.00135464	11	CACCACGTGCTC	CGCACGTGTGA	+
filter12	MA1362.1	-1	3.64335e-05	0.0715553	0.00137354	11	CACCACGTGCTC	CGCACGTGACCTCTC	-
filter12	MA0103.3	-1	3.93557e-05	0.0772945	0.00143874	11	CACCACGTGCTC	CCCACCTGCGC	+
filter14	MA0001.1	-1	1.21637e-08	2.38895e-05	4.72419e-05	10	TCTATATATAG	CTATTTATGG	-
filter14	MA0001.2	3	2.95498e-08	5.80358e-05	5.68695e-05	11	TCTATATATAG	CTTTCTATATATGGAAAC	-
filter14	MA0082.1	3	8.09322e-07	0.00158951	0.000628655	11	TCTATATATAG	ATTTCCATTTTTGG	-
filter14	MA0584.1	3	1.83698e-06	0.00360783	0.00101922	11	TCTATATATAG	TTTACCATATATAGAAAT	+
filter14	MA0369.1	3	3.57506e-05	0.0702141	0.0154277	11	TCTATATATAG	GGATCTATTTATAGAACT	-
filter14	MA0346.1	4	4.98373e-05	0.0978804	0.019356	11	TCTATATATAG	TTTATTTATATATAATATGA	+

# Tomtom (Motif Comparison Tool): Version 5.3.3 compiled on Mar 29 2021 at 12:19:48
# The format of this file is described at https://meme-suite.org/meme/doc/tomtom-output-format.html.
# tomtom -evalue -thresh 0.1 -o results/filters/model-016/trial-5 motifs/filters/model-016/trial-5.txt ./motif_database.txt
